id,title,description,completed_at,created_at,updated_at
809513-9277-5803-1243-487295,Task 1 Title,Description for task 1,1728182453907,1726800053907,1730256053907
915199-5352-6972-1977-554829,Task 2 Title,Description for task 2,1729305653907,1727232053907,1729910453907
144473-2686-5360-6031-520229,Task 3 Title,Description for task 3,1728960053907,1725504053907,1730428853907
562914-8853-2369-7522-297981,Task 4 Title,Description for task 4,1728873653908,1727145653908,1729996853908
263995-4582-2359-4690-607042,Task 5 Title,Description for task 5,1730515253908,1726281653908,1730601653908
129289-2372-7816-6280-818432,Task 6 Title,Description for task 6,1729996853908,1727664053908,1730169653908
371220-2083-2931-9163-994731,Task 7 Title,Description for task 7,1730256053908,1726627253908,1730083253908
269651-4715-6883-8278-139287,Task 8 Title,Description for task 8,1728700853908,1727750453908,1729824053908
223353-8268-4014-9082-171855,Task 9 Title,Description for task 9,1728700853908,1725849653908,1729996853908
812275-1546-6318-7751-688044,Task 10 Title,Description for task 10,1729564853908,1726368053908,1730342453908
